{
  "bomFormat": "CycloneDX",
  "specVersion": "1.3",
  "serialNumber": "urn:uuid:d8ac90a4-cf97-447b-a7d4-6db660df55a8",
  "version": 1,
  "metadata": {
    "tools": [
      {
        "vendor": "CycloneDX",
        "name": "CycloneDX module for .NET",
        "version": "2.3.0.0"
      }
    ],
    "component": {
      "type": "application",
      "bom-ref": "Embrava Connect@5.2.68",
      "name": "Embrava Connect",
      "version": "5.2.68"
    }
  },
  "components": [
    {
      "type": "library",
      "bom-ref": "pkg:nuget/ini-parser@3.4.0",
      "publisher": "Ricardo Amores Hern\u00E1ndez",
      "name": "ini-parser",
      "version": "3.4.0",
      "description": "A simple C# library for reading and writing INI files",
      "hashes": [
        {
          "alg": "SHA-512",
          "content": "43E636E0C35907601F8587599F637624E19899488ACD3A3D4C5C234F5B19EF076996D33465205C49FD08EF90578C2AF4E4C15CAA0969FDBBC4851D4B2863D665"
        }
      ],
      "licenses": [
        {
          "license": {
            "id": "MIT",
            "url": "https://github.com/rickyah/ini-parser/blob/master/LICENSE"
          }
        }
      ],
      "purl": "pkg:nuget/ini-parser@3.4.0",
      "externalReferences": [
        {
          "url": "https://github.com/rickyah/ini-parser",
          "type": "website"
        }
      ]
    },
    {
      "type": "library",
      "bom-ref": "pkg:nuget/MetroModernUI@1.4.0.0",
      "name": "MetroModernUI",
      "version": "1.4.0.0",
      "purl": "pkg:nuget/MetroModernUI@1.4.0.0"
    },
    {
      "type": "library",
      "bom-ref": "pkg:nuget/Microsoft.Web.WebView2@1.0.1150.38",
      "publisher": "Microsoft",
      "name": "Microsoft.Web.WebView2",
      "version": "1.0.1150.38",
      "description": "The WebView2 control enables you to embed web technologies (HTML, CSS, and JavaScript) in your native applications powered by Microsoft Edge (Chromium).\nThis package is necessary for Win32 C/C\u002B\u002B, WPF, and WinForms applications. To learn more about package versions checkout https://aka.ms/wv2-packageversion. To learn best practices checkout: https://aka.ms/wv2-bestpractices.",
      "hashes": [
        {
          "alg": "SHA-512",
          "content": "66BC7E09E02AD59E2C4DC1E8022C7C4475F3A4ABEE2E54BA2BFAA98FF03CA34A72B0C347A642BBD42E62A648C92344742F1866210F11249E2D1D3214350AC4B5"
        }
      ],
      "licenses": [
        {
          "license": {
            "url": "https://aka.ms/deprecateLicenseUrl"
          }
        }
      ],
      "copyright": "\u00A9 Microsoft Corporation. All rights reserved.",
      "purl": "pkg:nuget/Microsoft.Web.WebView2@1.0.1150.38",
      "externalReferences": [
        {
          "url": "https://aka.ms/webview",
          "type": "website"
        }
      ]
    },
    {
      "type": "library",
      "bom-ref": "pkg:nuget/Newtonsoft.Json@13.0.1",
      "publisher": "James Newton-King",
      "name": "Newtonsoft.Json",
      "version": "13.0.1",
      "description": "Json.NET is a popular high-performance JSON framework for .NET",
      "hashes": [
        {
          "alg": "SHA-512",
          "content": "83731B662EAF05379A23F8446EF47BBC111349DD4358B7BD8B51383FE9CF637E2FE62F78CEA52A0D7BDD582DC6FBBB5837D4A7B1D53DCF37A0AE7473E21EE7B1"
        }
      ],
      "licenses": [
        {
          "license": {
            "id": "MIT"
          }
        }
      ],
      "copyright": "Copyright \u00A9 James Newton-King 2008",
      "purl": "pkg:nuget/Newtonsoft.Json@13.0.1",
      "externalReferences": [
        {
          "url": "https://www.newtonsoft.com/json",
          "type": "website"
        },
        {
          "url": "https://github.com/JamesNK/Newtonsoft.Json",
          "type": "vcs"
        }
      ]
    },
    {
      "type": "library",
      "bom-ref": "pkg:nuget/Portable.BouncyCastle@1.9.0",
      "publisher": "Claire Novotny",
      "name": "Portable.BouncyCastle",
      "version": "1.9.0",
      "description": "BouncyCastle portable version with support for .NET 4, .NET Standard 2.0",
      "hashes": [
        {
          "alg": "SHA-512",
          "content": "27350A87568CF16A53BDB4D8994DCB14AC502F1859D0EC3AAE9E671F8E5A5D603252E1102DCD37E67887004766822E4125C5DC150CB9FCCFC7C51285C9E85ACD"
        }
      ],
      "licenses": [
        {
          "license": {
            "url": "https://www.bouncycastle.org/csharp/licence.html"
          }
        }
      ],
      "copyright": "\u00A9 2000-2021 Legion of the Bouncy Castle Inc.",
      "purl": "pkg:nuget/Portable.BouncyCastle@1.9.0",
      "externalReferences": [
        {
          "url": "https://www.bouncycastle.org/csharp/",
          "type": "website"
        },
        {
          "url": "https://github.com/novotnyllc/bc-csharp",
          "type": "vcs"
        }
      ]
    },
    {
      "type": "library",
      "bom-ref": "pkg:nuget/Pubnub@5.0.1",
      "publisher": "Pandu Masabathula",
      "name": "Pubnub",
      "version": "5.0.1",
      "description": "PubNub is a Massively Scalable Web Push Service for Web and Mobile Games.  This is a cloud-based service for broadcasting messages to thousands of web and mobile clients simultaneously",
      "hashes": [
        {
          "alg": "SHA-512",
          "content": "562D9AF47AEB674BB552C7C7824D597A37CFF6BE274203DDA81F676B5E280EF3722A6A89E93BECE49A9D7FD7555F9A6272748ADDA888A7F22BC9A23E19E74873"
        }
      ],
      "licenses": [
        {
          "license": {
            "url": "https://aka.ms/deprecateLicenseUrl"
          }
        }
      ],
      "copyright": "PubNub 2012-2021",
      "purl": "pkg:nuget/Pubnub@5.0.1",
      "externalReferences": [
        {
          "url": "https://github.com/pubnub/c-sharp/",
          "type": "vcs"
        }
      ]
    },
    {
      "type": "library",
      "bom-ref": "pkg:nuget/PureCloudPlatform.Client.V2@141.0.0",
      "publisher": "Genesys Developer Evangelists",
      "name": "PureCloudPlatform.Client.V2",
      "version": "141.0.0",
      "description": "A .NET library to interface with the PureCloud Public API",
      "hashes": [
        {
          "alg": "SHA-512",
          "content": "F314FF1AD5805265B18CB7613BFE2617A62D259491EBD9C64574ADF470AA44E986FF1BD0457D84FC5584E06DDA31EAE6EF1A377E4041ADD678582C35E0E0DF59"
        }
      ],
      "licenses": [
        {
          "license": {
            "id": "MIT",
            "url": "https://github.com/MyPureCloud/platform-client-sdk-dotnet/blob/master/LICENSE"
          }
        }
      ],
      "copyright": "Copyright \u00A9 Genesys 2022",
      "purl": "pkg:nuget/PureCloudPlatform.Client.V2@141.0.0",
      "externalReferences": [
        {
          "url": "https://github.com/MyPureCloud/platform-client-sdk-dotnet",
          "type": "website"
        }
      ]
    },
    {
      "type": "library",
      "bom-ref": "pkg:nuget/RestSharp@106.12.0",
      "publisher": "John Sheehan, Andrew Young, Alexey Zimarev and RestSharp community",
      "name": "RestSharp",
      "version": "106.12.0",
      "description": "Simple REST and HTTP API Client",
      "hashes": [
        {
          "alg": "SHA-512",
          "content": "CD222C7731EE524EEDCBF43C54612385EA0539C4309C4DF1A1A12E93FBC3D6FADE897B3DF7A7FD19004F4708BFA94C6975C52E726C0664AA04C7AD2EB8D9C9F9"
        }
      ],
      "licenses": [
        {
          "license": {
            "id": "Apache-2.0"
          }
        }
      ],
      "purl": "pkg:nuget/RestSharp@106.12.0",
      "externalReferences": [
        {
          "url": "http://restsharp.dev/",
          "type": "website"
        },
        {
          "url": "https://github.com/restsharp/RestSharp.git",
          "type": "vcs"
        }
      ]
    },
    {
      "type": "library",
      "bom-ref": "pkg:nuget/RingCentral.Net@5.14.0",
      "publisher": "Tyler Liu (tyler.liu@ringcentral.com)",
      "name": "RingCentral.Net",
      "version": "5.14.0",
      "description": "RingCentral SDK for .NET",
      "hashes": [
        {
          "alg": "SHA-512",
          "content": "CD46049578BB5EBC3F32D1F07617134E0CB183CEC729C61B8E4E1DFB6EDD5275FDABCC4E56ECBAA68F6EE1093E108305D4C86A7A9378F0D8E7F434A5BA461D97"
        }
      ],
      "licenses": [
        {
          "license": {
            "id": "MIT"
          }
        }
      ],
      "purl": "pkg:nuget/RingCentral.Net@5.14.0"
    },
    {
      "type": "library",
      "bom-ref": "pkg:nuget/RingCentral.Net.AuthorizeUri@1.0.0",
      "publisher": "Tyler Liu (tyler.liu@ringcentral.com)",
      "name": "RingCentral.Net.AuthorizeUri",
      "version": "1.0.0",
      "description": "Authorize URI extension for RingCentral.Net",
      "hashes": [
        {
          "alg": "SHA-512",
          "content": "35450D6533C2191A427D1A270DBC370EA5CC45A5B9C5BCD0549FBFAAD1E3344B5C11BDBE9EDA599715E1D406341E7443BB4A191729F906DD04410B3E8B60A105"
        }
      ],
      "licenses": [
        {
          "license": {
            "id": "MIT"
          }
        }
      ],
      "purl": "pkg:nuget/RingCentral.Net.AuthorizeUri@1.0.0"
    },
    {
      "type": "library",
      "bom-ref": "pkg:nuget/RingCentral.Net.Pubnub@2.0.0",
      "publisher": "RingCentral",
      "name": "RingCentral.Net.Pubnub",
      "version": "2.0.0",
      "description": "RingCentral SDK for .NET, Pubnub",
      "hashes": [
        {
          "alg": "SHA-512",
          "content": "0AFA31AE249E06FBC2E613F59D446553024E1DC6AF29F77587D421A56C2C527B5836086DFBCB495D6E2ACAAED35C04FB466183A21922C9613A2584904DF6E168"
        }
      ],
      "licenses": [
        {
          "license": {
            "id": "MIT"
          }
        }
      ],
      "copyright": "Copyright 2021",
      "purl": "pkg:nuget/RingCentral.Net.Pubnub@2.0.0",
      "externalReferences": [
        {
          "url": "https://github.com/ringcentral/RingCentral.Net/tree/master/RingCentral.Net.Pubnub",
          "type": "website"
        }
      ]
    },
    {
      "type": "library",
      "bom-ref": "pkg:nuget/RingCentral.Net.RateLimit@1.0.0",
      "publisher": "Tyler Liu (tyler.liu@ringcentral.com)",
      "name": "RingCentral.Net.RateLimit",
      "version": "1.0.0",
      "description": "Rate limit extension for RingCentral.Net",
      "hashes": [
        {
          "alg": "SHA-512",
          "content": "EF85E0A0B01A9BA67E5290E598A648ED2D7B27F981E43070DA0A6D0693937939A0EC6030E99E99496C7001932D1F7CD413790F31887B5409D101D954CF45A175"
        }
      ],
      "licenses": [
        {
          "license": {
            "id": "MIT"
          }
        }
      ],
      "purl": "pkg:nuget/RingCentral.Net.RateLimit@1.0.0"
    },
    {
      "type": "library",
      "bom-ref": "pkg:nuget/RingCentral.Net.Retry@1.0.0",
      "publisher": "Tyler Liu (tyler.liu@ringcentral.com)",
      "name": "RingCentral.Net.Retry",
      "version": "1.0.0",
      "description": "Retry extension for RingCentral.Net",
      "hashes": [
        {
          "alg": "SHA-512",
          "content": "3BC9A10D83CA988E396352810FC40BF3C961F8BD0D2BFA1CC3166A5849CC99D9B6D21566D315D6717883287B76C7A1A966D2254269112AEA960543D97C092C15"
        }
      ],
      "licenses": [
        {
          "license": {
            "id": "MIT"
          }
        }
      ],
      "purl": "pkg:nuget/RingCentral.Net.Retry@1.0.0"
    },
    {
      "type": "library",
      "bom-ref": "pkg:nuget/System.Buffers@4.5.1",
      "publisher": "Microsoft",
      "name": "System.Buffers",
      "version": "4.5.1",
      "description": "Provides resource pooling of any type for performance-critical applications that allocate and deallocate objects frequently.\n\nCommonly Used Types:\nSystem.Buffers.ArrayPool\u003CT\u003E\n \n7601f4f6225089ffb291dc7d58293c7bbf5c5d4f \nWhen using NuGet 3.x this package requires at least version 3.4.",
      "hashes": [
        {
          "alg": "SHA-512",
          "content": "80DA6158E55B9BCF7E0B5E6379B9CF45A632914F037B53C5BF5609576E3CD7821F7861956B73D74470D2D0C2E56DD235A5EF4CA6FFE7E192B820DC2D023AAFF2"
        }
      ],
      "licenses": [
        {
          "license": {
            "url": "https://github.com/dotnet/corefx/blob/master/LICENSE.TXT"
          }
        }
      ],
      "copyright": "\u00A9 Microsoft Corporation. All rights reserved.",
      "purl": "pkg:nuget/System.Buffers@4.5.1",
      "externalReferences": [
        {
          "url": "https://dot.net/",
          "type": "website"
        }
      ]
    },
    {
      "type": "library",
      "bom-ref": "pkg:nuget/System.IO@4.3.0",
      "publisher": "Microsoft",
      "name": "System.IO",
      "version": "4.3.0",
      "description": "Provides base input and output (I/O) types, including System.IO.Stream, System.IO.StreamReader and System.IO.StreamWriter, that allow reading and writing to data streams\n\nCommonly Used Types:\nSystem.IO.Stream\nSystem.IO.EndOfStreamException\nSystem.IO.MemoryStream\nSystem.IO.StreamReader\nSystem.IO.StreamWriter\nSystem.IO.StringWriter\nSystem.IO.TextWriter\nSystem.IO.TextReader\n \nWhen using NuGet 3.x this package requires at least version 3.4.",
      "hashes": [
        {
          "alg": "SHA-512",
          "content": "BFCA5A21E3E1986B9765B13DC6FBCD6F8B89E4C1383855D1D7EF256BF1BF2F51889769DB5365859DD7606FBF6454ADD4DAEB3BAB56994FFB98FD1D03FE8BC1E6"
        }
      ],
      "licenses": [
        {
          "license": {
            "url": "http://go.microsoft.com/fwlink/?LinkId=329770"
          }
        }
      ],
      "copyright": "\u00A9 Microsoft Corporation.  All rights reserved.",
      "purl": "pkg:nuget/System.IO@4.3.0",
      "externalReferences": [
        {
          "url": "https://dot.net/",
          "type": "website"
        }
      ]
    },
    {
      "type": "library",
      "bom-ref": "pkg:nuget/System.Memory@4.5.4",
      "publisher": "Microsoft",
      "name": "System.Memory",
      "version": "4.5.4",
      "description": "Provides types for efficient representation and pooling of managed, stack, and native memory segments and sequences of such segments, along with primitives to parse and format UTF-8 encoded text stored in those memory segments.\n\nCommonly Used Types:\nSystem.Span\nSystem.ReadOnlySpan\nSystem.Memory\nSystem.ReadOnlyMemory\nSystem.Buffers.MemoryPool\nSystem.Buffers.ReadOnlySequence\nSystem.Buffers.Text.Utf8Parser\nSystem.Buffers.Text.Utf8Formatter\n \n7601f4f6225089ffb291dc7d58293c7bbf5c5d4f \nWhen using NuGet 3.x this package requires at least version 3.4.",
      "hashes": [
        {
          "alg": "SHA-512",
          "content": "8ECE5491EB0FE332BC190F40CF76B3BEEE0C5F996325034861BE221FDB0FF02FD59E4F7020B3C4A1F29A457F76FF76C4C95D46D38555E4F48C7A3BF172D87966"
        }
      ],
      "licenses": [
        {
          "license": {
            "url": "https://github.com/dotnet/corefx/blob/master/LICENSE.TXT"
          }
        }
      ],
      "copyright": "\u00A9 Microsoft Corporation. All rights reserved.",
      "purl": "pkg:nuget/System.Memory@4.5.4",
      "externalReferences": [
        {
          "url": "https://dot.net/",
          "type": "website"
        }
      ]
    },
    {
      "type": "library",
      "bom-ref": "pkg:nuget/System.Numerics.Vectors@4.5.0",
      "publisher": "Microsoft",
      "name": "System.Numerics.Vectors",
      "version": "4.5.0",
      "description": "Provides hardware-accelerated numeric types, suitable for high-performance processing and graphics applications.\n\nCommonly Used Types:\nSystem.Numerics.Matrix3x2\nSystem.Numerics.Matrix4x4\nSystem.Numerics.Plane\nSystem.Numerics.Quaternion\nSystem.Numerics.Vector2\nSystem.Numerics.Vector3\nSystem.Numerics.Vector4\nSystem.Numerics.Vector\nSystem.Numerics.Vector\u003CT\u003E\n \n30ab651fcb4354552bd4891619a0bdd81e0ebdbf",
      "hashes": [
        {
          "alg": "SHA-512",
          "content": "9C04EC0530F608AAF801837A791B33857E2CA6D2265A6049C01FD4E972825967E709CAD3070F174829B7400F608E9A641D3AFC3A45D4636D4C47DD43DD0657B3"
        }
      ],
      "licenses": [
        {
          "license": {
            "url": "https://github.com/dotnet/corefx/blob/master/LICENSE.TXT"
          }
        }
      ],
      "copyright": "\u00A9 Microsoft Corporation.  All rights reserved.",
      "purl": "pkg:nuget/System.Numerics.Vectors@4.5.0",
      "externalReferences": [
        {
          "url": "https://dot.net/",
          "type": "website"
        }
      ]
    },
    {
      "type": "library",
      "bom-ref": "pkg:nuget/System.Runtime@4.3.1",
      "publisher": "Microsoft",
      "name": "System.Runtime",
      "version": "4.3.1",
      "description": "Provides the fundamental primitives, classes and base classes that define commonly-used value and reference data types, events and event handlers, interfaces, attributes, and exceptions. This packages represents the core package, and provides the minimal set of types required to build a managed application.\n\nCommonly Used Types:\nSystem.Object\nSystem.Exception\nSystem.Int16\nSystem.Int32\nSystem.Int64\nSystem.Enum\nSystem.String\nSystem.Char\nSystem.Boolean\nSystem.SByte\nSystem.Byte\nSystem.DateTime\nSystem.DateTimeOffset\nSystem.Single\nSystem.Double\nSystem.UInt16\nSystem.UInt32\nSystem.UInt64\nSystem.IDisposable\nSystem.Uri\n \nWhen using NuGet 3.x this package requires at least version 3.4.",
      "hashes": [
        {
          "alg": "SHA-512",
          "content": "025EBD98F0DFCDD0FE6CA18AD8701F07E94D14E1C5AA792ACCD9D42669AF51ED7FA843CAF4CEC48934F8CEEC9C2833F2EDEBF5D71CFC5D580958A3F4866ECD20"
        }
      ],
      "licenses": [
        {
          "license": {
            "url": "http://go.microsoft.com/fwlink/?LinkId=329770"
          }
        }
      ],
      "copyright": "\u00A9 Microsoft Corporation. All rights reserved.",
      "purl": "pkg:nuget/System.Runtime@4.3.1",
      "externalReferences": [
        {
          "url": "https://dot.net/",
          "type": "website"
        }
      ]
    },
    {
      "type": "library",
      "bom-ref": "pkg:nuget/System.Runtime.CompilerServices.Unsafe@6.0.0",
      "publisher": "Microsoft",
      "name": "System.Runtime.CompilerServices.Unsafe",
      "version": "6.0.0",
      "description": "Provides the System.Runtime.CompilerServices.Unsafe class, which provides generic, low-level functionality for manipulating pointers.\n\nCommonly Used Types:\nSystem.Runtime.CompilerServices.Unsafe",
      "hashes": [
        {
          "alg": "SHA-512",
          "content": "D4057301BE4EC4936F24B9CE003B5EC4D99681AB6D9B65D5393DD38D04CDEC37784AAA12C1A8B50AC3767ED878DAE425749490773FEC01E734F93CF1045822B3"
        }
      ],
      "licenses": [
        {
          "license": {
            "id": "MIT"
          }
        }
      ],
      "copyright": "\u00A9 Microsoft Corporation. All rights reserved.",
      "purl": "pkg:nuget/System.Runtime.CompilerServices.Unsafe@6.0.0",
      "externalReferences": [
        {
          "url": "https://dot.net/",
          "type": "website"
        },
        {
          "url": "https://github.com/dotnet/runtime",
          "type": "vcs"
        }
      ]
    },
    {
      "type": "library",
      "bom-ref": "pkg:nuget/System.Security.Cryptography.Algorithms@4.3.1",
      "publisher": "Microsoft",
      "name": "System.Security.Cryptography.Algorithms",
      "version": "4.3.1",
      "description": "Provides base types for cryptographic algorithms, including hashing, encryption, and signing operations.\n\nCommonly Used Types:\nSystem.Security.Cryptography.Aes\nSystem.Security.Cryptography.RSA\nSystem.Security.Cryptography.RSAParameters\nSystem.Security.Cryptography.HMACSHA1\nSystem.Security.Cryptography.SHA256\nSystem.Security.Cryptography.SHA1\nSystem.Security.Cryptography.SHA512\nSystem.Security.Cryptography.SHA384\nSystem.Security.Cryptography.HMACSHA256\nSystem.Security.Cryptography.MD5\nSystem.Security.Cryptography.HMACSHA384\nSystem.Security.Cryptography.HMACSHA512\n \nWhen using NuGet 3.x this package requires at least version 3.4.",
      "hashes": [
        {
          "alg": "SHA-512",
          "content": "34B02B60B69A54E1310B511512E3210A49BFB0584C50F80B59C586D7180AD973E3B5419F7A55783837884395460DB3E0DB13C8FB27DE6D170B8D2DAB1C90ADCF"
        }
      ],
      "licenses": [
        {
          "license": {
            "url": "http://go.microsoft.com/fwlink/?LinkId=329770"
          }
        }
      ],
      "copyright": "\u00A9 Microsoft Corporation.  All rights reserved.",
      "purl": "pkg:nuget/System.Security.Cryptography.Algorithms@4.3.1",
      "externalReferences": [
        {
          "url": "https://dot.net/",
          "type": "website"
        }
      ]
    },
    {
      "type": "library",
      "bom-ref": "pkg:nuget/System.Security.Cryptography.Encoding@4.3.0",
      "publisher": "Microsoft",
      "name": "System.Security.Cryptography.Encoding",
      "version": "4.3.0",
      "description": "Provides types for representing Abstract Syntax Notation One (ASN.1)-encoded data.\n\nCommonly Used Types:\nSystem.Security.Cryptography.AsnEncodedData\nSystem.Security.Cryptography.Oid\nSystem.Security.Cryptography.OidCollection\n \nWhen using NuGet 3.x this package requires at least version 3.4.",
      "hashes": [
        {
          "alg": "SHA-512",
          "content": "5C26ADD23E63542F37506F5FA1F72E8980F03743D529CD8E583D1054B8D8A579FB773FA035A00D9073DB84DB6BE4F47CAC340D1EBC6D23DD761DBDBD600075E0"
        }
      ],
      "licenses": [
        {
          "license": {
            "url": "http://go.microsoft.com/fwlink/?LinkId=329770"
          }
        }
      ],
      "copyright": "\u00A9 Microsoft Corporation.  All rights reserved.",
      "purl": "pkg:nuget/System.Security.Cryptography.Encoding@4.3.0",
      "externalReferences": [
        {
          "url": "https://dot.net/",
          "type": "website"
        }
      ]
    },
    {
      "type": "library",
      "bom-ref": "pkg:nuget/System.Security.Cryptography.Primitives@4.3.0",
      "publisher": "Microsoft",
      "name": "System.Security.Cryptography.Primitives",
      "version": "4.3.0",
      "description": "Provides common types for the cryptographic libraries.\n\nCommonly Used Types:\nSystem.Security.Cryptography.ICryptoTransform\nSystem.Security.Cryptography.AsymmetricAlgorithm\nSystem.Security.Cryptography.SymmetricAlgorithm\nSystem.Security.Cryptography.HashAlgorithm\nSystem.Security.Cryptography.KeyedHashAlgorithm\nSystem.Security.Cryptography.HMAC\nSystem.Security.Cryptography.KeySizes\nSystem.Security.Cryptography.CryptographicException\nSystem.Security.Cryptography.CipherMode\nSystem.Security.Cryptography.PaddingMode\nSystem.Security.Cryptography.CryptoStream\nSystem.Security.Cryptography.CryptoStreamMode\n \nWhen using NuGet 3.x this package requires at least version 3.4.",
      "hashes": [
        {
          "alg": "SHA-512",
          "content": "5AD8273F998EBB9CCA2F7BD03143D3F6D57B5D560657B26D6F4E78D038010FB30C379A23A27C08730F15C9B66F4BA565A06984EC246DFC79ACF1A741B0DD4347"
        }
      ],
      "licenses": [
        {
          "license": {
            "url": "http://go.microsoft.com/fwlink/?LinkId=329770"
          }
        }
      ],
      "copyright": "\u00A9 Microsoft Corporation.  All rights reserved.",
      "purl": "pkg:nuget/System.Security.Cryptography.Primitives@4.3.0",
      "externalReferences": [
        {
          "url": "https://dot.net/",
          "type": "website"
        }
      ]
    },
    {
      "type": "library",
      "bom-ref": "pkg:nuget/System.Threading.Tasks.Extensions@4.5.4",
      "publisher": "Microsoft",
      "name": "System.Threading.Tasks.Extensions",
      "version": "4.5.4",
      "description": "Provides additional types that simplify the work of writing concurrent and asynchronous code.\n\nCommonly Used Types:\nSystem.Threading.Tasks.ValueTask\u003CTResult\u003E\n \n7601f4f6225089ffb291dc7d58293c7bbf5c5d4f",
      "hashes": [
        {
          "alg": "SHA-512",
          "content": "68052086E77D3C7198737A3DA163D67740B7C44F93250C39659B3BF21B6547A9ABF64CBF40481F5C78F24361AF3AAF47D52D188B371554A0928A7F7665C1FC14"
        }
      ],
      "licenses": [
        {
          "license": {
            "url": "https://github.com/dotnet/corefx/blob/master/LICENSE.TXT"
          }
        }
      ],
      "copyright": "\u00A9 Microsoft Corporation. All rights reserved.",
      "purl": "pkg:nuget/System.Threading.Tasks.Extensions@4.5.4",
      "externalReferences": [
        {
          "url": "https://dot.net/",
          "type": "website"
        }
      ]
    },
    {
      "type": "library",
      "bom-ref": "pkg:nuget/System.ValueTuple@4.5.0",
      "publisher": "Microsoft",
      "name": "System.ValueTuple",
      "version": "4.5.0",
      "description": "Provides the System.ValueTuple structs, which implement the underlying types for tuples in C# and Visual Basic.\n\nCommonly Used Types:\nSystem.ValueTuple\nSystem.ValueTuple\u003CT1\u003E\nSystem.ValueTuple\u003CT1, T2\u003E\nSystem.ValueTuple\u003CT1, T2, T3\u003E\nSystem.ValueTuple\u003CT1, T2, T3, T4\u003E\nSystem.ValueTuple\u003CT1, T2, T3, T4, T5\u003E\nSystem.ValueTuple\u003CT1, T2, T3, T4, T5, T6\u003E\nSystem.ValueTuple\u003CT1, T2, T3, T4, T5, T6, T7\u003E\nSystem.ValueTuple\u003CT1, T2, T3, T4, T5, T6, T7, TRest\u003E\n \n30ab651fcb4354552bd4891619a0bdd81e0ebdbf \nWhen using NuGet 3.x this package requires at least version 3.4.",
      "hashes": [
        {
          "alg": "SHA-512",
          "content": "FA00EBB5045D12C51274F64411C551981BECEB1266A8606A4731063109B95EA1F15939197BF3D2BA899DB61E593DC39BFCE876908BBA34286823525093AE3D8E"
        }
      ],
      "licenses": [
        {
          "license": {
            "url": "https://github.com/dotnet/corefx/blob/master/LICENSE.TXT"
          }
        }
      ],
      "copyright": "\u00A9 Microsoft Corporation.  All rights reserved.",
      "purl": "pkg:nuget/System.ValueTuple@4.5.0",
      "externalReferences": [
        {
          "url": "https://dot.net/",
          "type": "website"
        }
      ]
    },
    {
      "type": "library",
      "bom-ref": "pkg:nuget/WebSocketSharp@1.0.3-rc11",
      "publisher": "sta",
      "name": "WebSocketSharp",
      "version": "1.0.3-rc11",
      "description": "websocket-sharp provides the WebSocket protocol client and server.",
      "hashes": [
        {
          "alg": "SHA-512",
          "content": "B20ED0F74B425AAB730D3F623E482C270CA013C69A5EF2A4873BFE575FCDE3EA7210946DE8000612ADCB7E574B2E23207E403CBDBCF40168E8F7EFB75FC65244"
        }
      ],
      "licenses": [
        {
          "license": {
            "url": "https://raw.github.com/sta/websocket-sharp/master/LICENSE.txt"
          }
        }
      ],
      "copyright": "\u00A9 2010-2016 sta.blockhead",
      "purl": "pkg:nuget/WebSocketSharp@1.0.3-rc11",
      "externalReferences": [
        {
          "url": "http://sta.github.io/websocket-sharp",
          "type": "website"
        }
      ]
    },
    {
      "type": "library",
      "bom-ref": "pkg:nuget/WebSocketSharpFork@1.0.4.0",
      "name": "WebSocketSharpFork",
      "version": "1.0.4.0",
      "purl": "pkg:nuget/WebSocketSharpFork@1.0.4.0"
    }
  ],
  "dependencies": [
    {
      "ref": "Embrava Connect@0.0.0",
      "dependsOn": [
        "pkg:nuget/ini-parser@3.4.0",
        "pkg:nuget/MetroModernUI@1.4.0.0",        
        "pkg:nuget/Microsoft.Web.WebView2@1.0.1150.38",
        "pkg:nuget/Newtonsoft.Json@13.0.1",
        "pkg:nuget/Portable.BouncyCastle@1.9.0",
        "pkg:nuget/Pubnub@5.0.1",
        "pkg:nuget/PureCloudPlatform.Client.V2@141.0.0",
        "pkg:nuget/RestSharp@106.12.0",
        "pkg:nuget/RingCentral.Net@5.14.0",
        "pkg:nuget/RingCentral.Net.AuthorizeUri@1.0.0",
        "pkg:nuget/RingCentral.Net.Pubnub@2.0.0",
        "pkg:nuget/RingCentral.Net.RateLimit@1.0.0",
        "pkg:nuget/RingCentral.Net.Retry@1.0.0",
        "pkg:nuget/System.Buffers@4.5.1",
        "pkg:nuget/System.IO@4.3.0",
        "pkg:nuget/System.Memory@4.5.4",
        "pkg:nuget/System.Numerics.Vectors@4.5.0",
        "pkg:nuget/System.Runtime@4.3.1",
        "pkg:nuget/System.Runtime.CompilerServices.Unsafe@6.0.0",
        "pkg:nuget/System.Security.Cryptography.Algorithms@4.3.1",
        "pkg:nuget/System.Security.Cryptography.Encoding@4.3.0",
        "pkg:nuget/System.Security.Cryptography.Primitives@4.3.0",
        "pkg:nuget/System.Threading.Tasks.Extensions@4.5.4",
        "pkg:nuget/System.ValueTuple@4.5.0",
        "pkg:nuget/WebSocketSharp@1.0.3-rc11",
        "pkg:nuget/WebSocketSharpFork@1.0.4.0"
      ]
    },
    {
      "ref": "pkg:nuget/ini-parser@3.4.0",
      "dependsOn": []
    },
    {
      "ref": "pkg:nuget/MetroModernUI@1.4.0.0",
      "dependsOn": []
    },
    {
      "ref": "pkg:nuget/Microsoft.Web.WebView2@1.0.1150.38",
      "dependsOn": []
    },
    {
      "ref": "pkg:nuget/Newtonsoft.Json@13.0.1",
      "dependsOn": []
    },
    {
      "ref": "pkg:nuget/Portable.BouncyCastle@1.9.0",
      "dependsOn": []
    },
    {
      "ref": "pkg:nuget/Pubnub@5.0.1",
      "dependsOn": []
    },
    {
      "ref": "pkg:nuget/PureCloudPlatform.Client.V2@141.0.0",
      "dependsOn": []
    },
    {
      "ref": "pkg:nuget/RestSharp@106.12.0",
      "dependsOn": []
    },
    {
      "ref": "pkg:nuget/RingCentral.Net.AuthorizeUri@1.0.0",
      "dependsOn": []
    },
    {
      "ref": "pkg:nuget/RingCentral.Net.Pubnub@2.0.0",
      "dependsOn": []
    },
    {
      "ref": "pkg:nuget/RingCentral.Net.RateLimit@1.0.0",
      "dependsOn": []
    },
    {
      "ref": "pkg:nuget/RingCentral.Net.Retry@1.0.0",
      "dependsOn": []
    },
    {
      "ref": "pkg:nuget/RingCentral.Net@5.14.0",
      "dependsOn": []
    },
    {
      "ref": "pkg:nuget/System.Buffers@4.5.1",
      "dependsOn": []
    },
    {
      "ref": "pkg:nuget/System.IO@4.3.0",
      "dependsOn": []
    },
    {
      "ref": "pkg:nuget/System.Memory@4.5.4",
      "dependsOn": []
    },
    {
      "ref": "pkg:nuget/System.Numerics.Vectors@4.5.0",
      "dependsOn": []
    },
    {
      "ref": "pkg:nuget/System.Runtime.CompilerServices.Unsafe@6.0.0",
      "dependsOn": []
    },
    {
      "ref": "pkg:nuget/System.Runtime@4.3.1",
      "dependsOn": []
    },
    {
      "ref": "pkg:nuget/System.Security.Cryptography.Algorithms@4.3.1",
      "dependsOn": []
    },
    {
      "ref": "pkg:nuget/System.Security.Cryptography.Encoding@4.3.0",
      "dependsOn": []
    },
    {
      "ref": "pkg:nuget/System.Security.Cryptography.Primitives@4.3.0",
      "dependsOn": []
    },
    {
      "ref": "pkg:nuget/System.Threading.Tasks.Extensions@4.5.4",
      "dependsOn": []
    },
    {
      "ref": "pkg:nuget/System.ValueTuple@4.5.0",
      "dependsOn": []
    },
    {
      "ref": "pkg:nuget/WebSocketSharp@1.0.3-rc11",
      "dependsOn": []
    },
    {
      "ref": "pkg:nuget/WebSocketSharpFork@1.0.4.0",
      "dependsOn": []
    }
  ]
}